{
  "name": "Chef Jelly",
  "description": "Very cool jelly that cooks, also has a engineering degree",
  "image": "https://ipfs.infura.io:5001/api/v0/cat/QmPd2pfcopcdRgpGk3ynpVpeeEwSQT7Z1Qi7nJKh8jY9yq",
  "properties": {
    "university": "H State University",
    "college": "Engineering and Applied Sciences",
    "level": "Masters",
    "field": "Mechanical Engineering",
    "honors": "yes",
    "honorsType": "Summa Cum Laude",
    "gpa": "3.84",
    "student": "Jelly Man",
    "date": "2021-03-18"
  }
}
